AK,Nunapitchuk,None,https://ychs.ycusd.org/Athletics/Booster-Club/index.html,"city, state high school booster clubs"
AK,Nunapitchuk,None,https://www.ssccardinals.org/district-info/booster-club/,"city, state high school booster clubs"
AK,Nunapitchuk,None,https://michigancityathletics.com/michigan-city-high-school-athletic-booster-club/,"city, state high school booster clubs"
AK,Nunapitchuk,None,https://cchs.ccusd.org/apps/pages/index.jsp?uREC_ID=105323&type=d,"city, state high school booster clubs"
AK,Nunapitchuk,None,https://www.facebook.com/MCAthleticBoosterClub/,"city, state high school booster clubs"
AK,Nunapitchuk,None,https://www.poughkeepsieschools.org/Page/1155,"city, state high school booster clubs"
AK,Nunapitchuk,None,https://www.ccisd.net/booster-clubs,"city, state high school booster clubs"
AK,Nunapitchuk,None,https://rvhs.ycusd.org/athletics/booster-club/index.html,"city, state high school booster clubs"
AK,Nunapitchuk,None,https://www.peoriaunified.org/cms/lib/AZ01924969/Centricity/Domain/63/CurrentBoosterClubGuidelines.pdf,"city, state high school booster clubs"
AK,Nunapitchuk,None,https://www.pisd.edu/bc,"city, state high school booster clubs"
AK,Bethel,None,https://ychs.ycusd.org/Athletics/Booster-Club/index.html,"city, state high school booster clubs"
AK,Bethel,None,https://www.ssccardinals.org/district-info/booster-club/,"city, state high school booster clubs"
AK,Bethel,None,https://michigancityathletics.com/michigan-city-high-school-athletic-booster-club/,"city, state high school booster clubs"
AK,Bethel,None,https://cchs.ccusd.org/apps/pages/index.jsp?uREC_ID=105323&type=d,"city, state high school booster clubs"
AK,Bethel,None,https://www.facebook.com/MCAthleticBoosterClub/,"city, state high school booster clubs"
AK,Bethel,None,https://www.poughkeepsieschools.org/Page/1155,"city, state high school booster clubs"
AK,Bethel,None,https://www.ccisd.net/booster-clubs,"city, state high school booster clubs"
AK,Bethel,None,https://rvhs.ycusd.org/athletics/booster-club/index.html,"city, state high school booster clubs"
AK,Bethel,None,https://www.peoriaunified.org/cms/lib/AZ01924969/Centricity/Domain/63/CurrentBoosterClubGuidelines.pdf,"city, state high school booster clubs"
AK,Bethel,None,https://www.pisd.edu/bc,"city, state high school booster clubs"
AK,Anderson,None,https://ychs.ycusd.org/Athletics/Booster-Club/index.html,"city, state high school booster clubs"
AK,Anderson,None,https://www.ssccardinals.org/district-info/booster-club/,"city, state high school booster clubs"
AK,Anderson,None,https://michigancityathletics.com/michigan-city-high-school-athletic-booster-club/,"city, state high school booster clubs"
AK,Anderson,None,https://cchs.ccusd.org/apps/pages/index.jsp?uREC_ID=105323&type=d,"city, state high school booster clubs"
AK,Anderson,None,https://www.facebook.com/MCAthleticBoosterClub/,"city, state high school booster clubs"
AK,Anderson,None,https://www.poughkeepsieschools.org/Page/1155,"city, state high school booster clubs"
AK,Anderson,None,https://www.ccisd.net/booster-clubs,"city, state high school booster clubs"
AK,Anderson,None,https://rvhs.ycusd.org/athletics/booster-club/index.html,"city, state high school booster clubs"
AK,Anderson,None,https://www.peoriaunified.org/cms/lib/AZ01924969/Centricity/Domain/63/CurrentBoosterClubGuidelines.pdf,"city, state high school booster clubs"
AK,Anderson,None,https://www.pisd.edu/bc,"city, state high school booster clubs"
