state,city,sport,link,keyword
GA,Acworth,baseball,https://www.acworthbaseball.org/,Acworth GA youth baseball leagues
GA,Acworth,baseball,https://www.facebook.com/acworthwarriorsbaseball/,Acworth GA youth baseball leagues
GA,Acworth,baseball,https://acworth.org/parks-recreation-and-community-resources/horizon-therapeutics/,Acworth GA youth baseball leagues
GA,Acworth,baseball,https://www.cobbcounty.org/parks/recreation/youth-athletics/baseball,Acworth GA youth baseball leagues
GA,Acworth,baseball,https://www.i9sports.com/venues/kennesaw-dallas-marietta-acworth-barber-middle-school-youth-sports-programs/baseball/2184,Acworth GA youth baseball leagues
GA,Acworth,baseball,https://www.perfectgame.org/PGBA/Team/default.aspx?orgid=4981,Acworth GA youth baseball leagues
GA,Acworth,baseball,https://tshq.bluesombrero.com/Default.aspx?tabid=1771542,Acworth GA youth baseball leagues
GA,Acworth,baseball,https://www.leaguelineup.com/welcome.asp?url=acworthbaseballassociation,Acworth GA youth baseball leagues
GA,Acworth,baseball,https://lakepointsports.com/,Acworth GA youth baseball leagues
GA,Acworth,baseball,https://www.oregonpark.com/,Acworth GA youth baseball leagues
